x,y,duration,key
147.65625,1303.912087912088,480,w
244.6875,1316.5714285714287,250,e
835.3125,1489.5824175824175,468,l
421.875,1671.032967032967,354,c
831.09375,1316.5714285714287,423,o
818.4375,1641.4945054945053,250,m
244.6875,1303.912087912088,493,e
506.25,1844.043956043956,462, 
434.53125,1312.3516483516485,415,t
839.53125,1316.5714285714287,340,o
510.46875,1856.7032967032967,471, 
738.28125,1312.3516483516485,453,i
649.6875,1341.89010989011,250,u
738.28125,1303.912087912088,250,i
